Tier,Weighted_Sentiment
Luxury,0.5246712676115811
Prestige,0.39312869939197687
Masstige,0.5473723981799027
Mass,0.2672769348906761
