Tier,Weighted_Sentiment
Luxury,0.27009125307471116
Prestige,0.18954712763665038
Masstige,0.38645487928577904
Mass,0.06478842581769785
